<?xml version="1.0" encoding="UTF-8"?>
<!DOCTYPE mapper PUBLIC "-//mybatis.org//DTD Mapper 3.0//EN" "http://mybatis.org/dtd/mybatis-3-mapper.dtd">
<mapper namespace="com.li.dao.mapper.UserMapper">
    <resultMap type="com.li.dao.User" id="userMap">
        <id property="id" column="uid"/>
        <result property="userName" column="username"/>
        <result property="password" column="password"/>
        <result property="roles" column="roles"/>
    </resultMap>
    <sql id="baseColumns">
        uid,username,password,roles
    </sql>
    <select id="findByUserName" parameterType="string" resultMap="userMap">
        SELECT <include refid="baseColumns"></include> FROM user
        WHERE username=#{username};
    </select>

    <insert id="save" parameterType="com.li.dao.User">
        insert into user(username,password,roles) values(#{user.userName},#{user.password},#{user.roles});
    </insert>
</mapper>